{
  "model_filename": null,
  "metrics": {
    "accuracy": 99.07621247113164,
    "loss": Infinity,
    "f1_score": 0.0,
    "precision": 0.0,
    "recall": 0.0
  },
  "evaluated_at": "2025-11-11T05:07:59.312359Z"
}