{
  "model_filename": null,
  "metrics": {
    "accuracy": 96.85693641618498,
    "loss": Infinity,
    "f1_score": 0.0,
    "precision": 0.0,
    "recall": 0.0
  },
  "evaluated_at": "2025-11-26T01:22:05.342976Z"
}