{
  "model_filename": null,
  "metrics": {
    "accuracy": 99.19168591224017,
    "loss": Infinity,
    "f1_score": 0.0,
    "precision": 0.0,
    "recall": 0.0
  },
  "evaluated_at": "2025-11-18T23:35:25.613020Z"
}